{
  "indexes": [
    {
      "collectionGroup": "nonConformities",
      "queryScope": "COLLECTION",
      "fields": [
        { "fieldPath": "status", "order": "ASCENDING" },
        { "fieldPath": "severityRank", "order": "DESCENDING" },
        { "fieldPath": "yearMonth", "order": "DESCENDING" }
      ]
    },
    {
      "collectionGroup": "nonConformities",
      "queryScope": "COLLECTION",
      "fields": [
        { "fieldPath": "linkedAsset.id", "order": "ASCENDING" },
        { "fieldPath": "status", "order": "ASCENDING" }
      ]
    },
    {
      "collectionGroup": "nonConformities",
      "queryScope": "COLLECTION",
      "fields": [
        { "fieldPath": "createdAt", "order": "DESCENDING" }
      ]
    },
    {
      "collectionGroup": "nonConformities",
      "queryScope": "COLLECTION",
      "fields": [
        { "fieldPath": "linkedAsset.id", "order": "ASCENDING" },
        { "fieldPath": "createdAt", "order": "DESCENDING" }
      ]
    },
    {
      "collectionGroup": "checklistResponses",
      "queryScope": "COLLECTION",
      "fields": [
        { "fieldPath": "machineId", "order": "ASCENDING" },
        { "fieldPath": "createdAtTs", "order": "DESCENDING" }
      ]
    },
    {
      "collectionGroup": "checklistResponses",
      "queryScope": "COLLECTION",
      "fields": [
        { "fieldPath": "templateId", "order": "ASCENDING" },
        { "fieldPath": "createdAtTs", "order": "DESCENDING" }
      ]
    },
    {
      "collectionGroup": "checklistResponses",
      "queryScope": "COLLECTION",
      "fields": [
        { "fieldPath": "operatorMatricula", "order": "ASCENDING" },
        { "fieldPath": "createdAtTs", "order": "DESCENDING" }
      ]
    }
  ],
  "fieldOverrides": [
    {
      "collectionGroup": "nonConformities",
      "fieldPath": "status",
      "order": "ASCENDING"
    },
    {
      "collectionGroup": "nonConformities",
      "fieldPath": "severityRank",
      "order": "DESCENDING"
    },
    {
      "collectionGroup": "nonConformities",
      "fieldPath": "yearMonth",
      "order": "ASCENDING"
    },
    {
      "collectionGroup": "nonConformities",
      "fieldPath": "linkedAsset.id",
      "order": "ASCENDING"
    },
    {
      "collectionGroup": "nonConformities",
      "fieldPath": "createdBy.matricula",
      "order": "ASCENDING"
    }
  ]
}
